Item,Qty,Unit estimate USD,Line estimate USD,Required,Notes
ESP32-S3 DevKitC-1-class development board,1,15,15,Yes,Espressif reference estimate $15 for DevKitC-1-N8R8; dedicated servo/sensor controller
Raspberry Pi 5 1GB,1,45,45,Yes,Official launch price $45; headless lightweight UI/logging only; not suitable for demanding vision models
Arduino UNO R4 Minima,1,20,20,Yes,Official Arduino US store price $20; auxiliary eye/button interface
SG90-class micro servo,6,3,18,Yes,Indicative commodity estimate; choose consistent units and validate current
Regulated 5 V 5 A servo supply,1,12,12,Yes,External servo supply; confirm genuine rating; do not use MCU 3V3 pin
Raspberry Pi 27W USB-C supply,1,15,15,Yes,Estimate for separate Pi supply; official unit supports 5.1 V / 5 A; local price varies
32 GB microSD card,1,10,10,Yes,Estimate; OS and log storage for lightweight headless Pi installation
Pi 5 active cooler,1,8,8,Yes,Estimate; Pi case can be printed or omitted for open-bench prototype
Inline fuse holder + 5 A fuse,1,3,3,Yes,Protect servo power branch; validate actual current needs
VL53L0X-class time-of-flight distance sensor,1,10,10,Yes,Front obstacle/range telemetry over I2C; verify module is 3.3 V logic compatible
MPU6050-class IMU module,1,5,5,Yes,Torso acceleration/tilt sensing over I2C; not a safety-rated balance system
Two-eye LED face parts and resistors,1,3,3,Yes,Fixed eyes driven by Arduino; current-limit each LED
UART level shifter or resistor-divider parts,1,2,2,Yes,Protect ESP32 RX from 5 V Arduino TX; common ground
Custom two-layer breakout PCB fab allowance,1,15,15,Yes,Estimate for prototype board order; shipping/tax may be extra
Through-hole PCB connectors and headers,1,7,Yes,six servo outputs, MCU and I2C sensor ports; verify pin order
Fasteners - pins - jumper wire, strain relief, miscellaneous,1,10,M3 hardware I2C/UART leads assembly odds/ends
PLA/PETG filament allocation,1,10,10,Yes,Approximately 250-350 g estimate; assumes printer already available
Contingency,1,25,25,Yes,Price variation and replacements
TOTAL,,,223,,Indicative all-three-controller parts subtotal before, shipping/tax/tools
Budget headroom,,,27,,Maximum $250 cap minus indicative subtotal , taxes/shipping may exceed it
3D printer ,soldering station , computer,1,EXCLUDED,EXCLUDED,No,Assumed already available or borrowed
Battery pack and charger,1,EXCLUDED,EXCLUDED,No,Prototype uses separate regulated supplies, no battery/charger design in v0.2
